{"errors":[],"warnings":[],"namedChunkGroups":{"polyfill":{"chunks":[0,6],"assets":["webpack-runtime-fd70c763811409e63d56.js","webpack-runtime-fd70c763811409e63d56.js.map","polyfill-a974cabd1631c4c2c55e.js","polyfill-a974cabd1631c4c2c55e.js.map"],"children":{},"childAssets":{}},"app":{"chunks":[0,5,3],"assets":["webpack-runtime-fd70c763811409e63d56.js","webpack-runtime-fd70c763811409e63d56.js.map","framework-17193c917176a9ab3be2.js","framework-17193c917176a9ab3be2.js.map","app-3bb26a4e827ea2d954db.js","app-3bb26a4e827ea2d954db.js.map"],"children":{},"childAssets":{}},"component---src-pages-index-js":{"chunks":[7,1,2,4],"assets":["styles.4edbc947517244d433f4.css","styles-d34d6d50c68384cf0a65.js","styles-d34d6d50c68384cf0a65.js.map","05d954cf-676aef6cf055f75bbb46.js","05d954cf-676aef6cf055f75bbb46.js.map","1bfc9850-c7850861c7625f212650.js","1bfc9850-c7850861c7625f212650.js.map","component---src-pages-index-js-77e25cbad277c867c0fd.js","component---src-pages-index-js-77e25cbad277c867c0fd.js.map"],"children":{},"childAssets":{}}},"assetsByChunkName":{"polyfill":["webpack-runtime-fd70c763811409e63d56.js","polyfill-a974cabd1631c4c2c55e.js"],"app":["webpack-runtime-fd70c763811409e63d56.js","framework-17193c917176a9ab3be2.js","app-3bb26a4e827ea2d954db.js"],"component---src-pages-index-js":["styles.4edbc947517244d433f4.css","styles-d34d6d50c68384cf0a65.js","05d954cf-676aef6cf055f75bbb46.js","1bfc9850-c7850861c7625f212650.js","component---src-pages-index-js-77e25cbad277c867c0fd.js"]}}